Test Case Id,1,2,3
1,1812,1,1
2,1812,1,2
3,1812,1,31
4,1812,1,30
5,1812,1,16
6,1812,2,1
7,1812,2,2
8,1812,2,31
9,1812,2,30
10,1812,2,16
11,1812,12,1
12,1812,12,2
13,1812,12,31
14,1812,12,30
15,1812,12,16
16,1812,11,1
17,1812,11,2
18,1812,11,31
19,1812,11,30
20,1812,11,16
21,1812,6,1
22,1812,6,2
23,1812,6,31
24,1812,6,30
25,1812,6,16
26,1813,1,1
27,1813,1,2
28,1813,1,31
29,1813,1,30
30,1813,1,16
31,1813,2,1
32,1813,2,2
33,1813,2,31
34,1813,2,30
35,1813,2,16
36,1813,12,1
37,1813,12,2
38,1813,12,31
39,1813,12,30
40,1813,12,16
41,1813,11,1
42,1813,11,2
43,1813,11,31
44,1813,11,30
45,1813,11,16
46,1813,6,1
47,1813,6,2
48,1813,6,31
49,1813,6,30
50,1813,6,16
51,2012,1,1
52,2012,1,2
53,2012,1,31
54,2012,1,30
55,2012,1,16
56,2012,2,1
57,2012,2,2
58,2012,2,31
59,2012,2,30
60,2012,2,16
61,2012,12,1
62,2012,12,2
63,2012,12,31
64,2012,12,30
65,2012,12,16
66,2012,11,1
67,2012,11,2
68,2012,11,31
69,2012,11,30
70,2012,11,16
71,2012,6,1
72,2012,6,2
73,2012,6,31
74,2012,6,30
75,2012,6,16
76,2011,1,1
77,2011,1,2
78,2011,1,31
79,2011,1,30
80,2011,1,16
81,2011,2,1
82,2011,2,2
83,2011,2,31
84,2011,2,30
85,2011,2,16
86,2011,12,1
87,2011,12,2
88,2011,12,31
89,2011,12,30
90,2011,12,16
91,2011,11,1
92,2011,11,2
93,2011,11,31
94,2011,11,30
95,2011,11,16
96,2011,6,1
97,2011,6,2
98,2011,6,31
99,2011,6,30
100,2011,6,16
101,1912,1,1
102,1912,1,2
103,1912,1,31
104,1912,1,30
105,1912,1,16
106,1912,2,1
107,1912,2,2
108,1912,2,31
109,1912,2,30
110,1912,2,16
111,1912,12,1
112,1912,12,2
113,1912,12,31
114,1912,12,30
115,1912,12,16
116,1912,11,1
117,1912,11,2
118,1912,11,31
119,1912,11,30
120,1912,11,16
121,1912,6,1
122,1912,6,2
123,1912,6,31
124,1912,6,30
125,1912,6,16
